municipio_nombre,nombre
Almirante Brown,Malvinas Argentinas
Almirante Brown,Ministro Rivadavia
Almirante Brown,Adrogué
Almirante Brown,Burzaco
Almirante Brown,Claypole
Almirante Brown,Don Orione
Almirante Brown,Glew
Almirante Brown,José Mármol
Almirante Brown,Longchamps
Almirante Brown,Rafael Calzada
Almirante Brown,San Francisco Solano
Almirante Brown,San José
Avellaneda,Gerli
Avellaneda,Piñeyro
Avellaneda,Sarandí
Avellaneda,Villa Domínico
Avellaneda,Wilde
Avellaneda,Área Reserva Cinturón Ecológico
Avellaneda,Avellaneda
Avellaneda,Crucesita
Avellaneda,Dock Sud
Bahía Blanca,Bahía Blanca
Bahía Blanca,Grünbein
Bahía Blanca,Ingeniero White
Bahía Blanca,Villa Bordeau
Bahía Blanca,Villa Espora
Berazategui,Berazategui
Berazategui,Berazategui Oeste
Berazategui,Carlos Tomás Sourigues
Berazategui,El Pato
Berazategui,Guillermo Enrique Hudson
Berazategui,Juan María Gutiérrez
Berazategui,Pereyra
Berazategui,Plátanos
Berazategui,Ranelagh
Berazategui,Villa España
Berisso,Barrio Banco Provincia
Berisso,Barrio El Carmen Este
Berisso,Barrio Universitario
Berisso,Berisso
Berisso,Los Talas
Berisso,Villa Argüello
Berisso,Villa Dolores
Berisso,Villa Independencia
Berisso,Villa Nueva
Berisso,Villa Porteña
Berisso,Villa Progreso
Berisso,Villa San Carlos
Berisso,Villa Zula
Coronel de Marina Leonardo Rosales,Punta Alta
Coronel de Marina Leonardo Rosales,Villa del Mar
Chascomús,Chascomús
Chascomús,Barrio San Cayetano
Ensenada,Dique N° 1
Ensenada,Ensenada
Ensenada,Isla Santiago
Ensenada,Punta Lara
Ensenada,Villa Catela
Escobar,Belén de Escobar
Escobar,El Cazador
Escobar,Garín
Escobar,Ingeniero Maschwitz
Escobar,Loma Verde
Escobar,Matheu
Escobar,Maquinista F. Savio Este
Esteban Echeverría,Canning
Esteban Echeverría,El Jagüel
Esteban Echeverría,Luis Guillón
Esteban Echeverría,Monte Grande
Esteban Echeverría,9 de Abril
Exaltación de la Cruz,El Remanso
Morón,Morón
Exaltación de la Cruz,Parada Robles
Exaltación de la Cruz,Pavón
Ezeiza,Aeropuerto Internacional Ezeiza
Ezeiza,Canning
Ezeiza,Carlos Spegazzini
Ezeiza,José María Ezeiza
Ezeiza,La Unión
Ezeiza,Tristán Suárez
Florencio Varela,Bosques
Florencio Varela,Estanislao Severo Zeballos
Florencio Varela,San Juan Bautista
Florencio Varela,Gobernador Julio A. Costa
Florencio Varela,Ingeniero Juan Allan
Florencio Varela,Villa Brown
Florencio Varela,Villa San Luis
Florencio Varela,Villa Santa Rosa
Florencio Varela,Villa Vatteone
Florencio Varela,El Tropezón
Florencio Varela,La Capilla
General Juan Madariaga,Barrio Kennedy
General Juan Madariaga,General Juan Madariaga
General Pueyrredón,Camet
General Pueyrredón,Estación Camet
General Pueyrredón,Mar del Plata
General Pueyrredón,Punta Mogotes
General Pueyrredón,Barrio El Casal
General Pueyrredón,Barrio Colinas Verdes
General Pueyrredón,Barrio El Coyunco
La Plata,Barrio Gambier
General Pueyrredón,Barrio La Gloria
General Pueyrredón,Sierra de los Padres
General Rodríguez,Barrio Morabo
General Rodríguez,Barrio Ruta 24 Kilómetro 10
General Rodríguez,Country Club Bosque Real
General Rodríguez,General Rodríguez
General San Martín,Villa Yapeyú
General San Martín,Barrio Parque General San Martín
General San Martín,Billinghurst
General San Martín,Ciudad del Libertador General San Martín
General San Martín,Ciudad Jardín El Libertador
General San Martín,Villa Ayacucho
General San Martín,Villa Ballester
General San Martín,Villa Bernardo Monteagudo
General San Martín,Villa Chacabuco
General San Martín,Villa Coronel José M. Zapiola
General San Martín,Villa General Antonio J. de Sucre
General San Martín,Villa General Eugenio Necochea
General San Martín,Villa General José Tomás Guido
General San Martín,Villa General Juan G. Las Heras
General San Martín,Villa Godoy Cruz
General San Martín,Villa Granaderos de San Martín
General San Martín,Villa Gregoria Matorras
General San Martín,Villa José León Suárez
General San Martín,Villa Juan Martín de Pueyrredón
General San Martín,Villa Libertad
General San Martín,Villa Lynch
General San Martín,Villa Maipú
General San Martín,Va.María Irene de los Remedios Escalada
General San Martín,Va.Marqués Alejandro María de Aguado
General San Martín,Villa Parque Presidente Figueroa Alcorta
General San Martín,Villa Parque San Lorenzo
General San Martín,Villa San Andrés
Hurlingham,Hurlingham
Hurlingham,Villa Santos Tesei
Hurlingham,William C. Morris
Ituzaingó,Ituzaingó Centro
Ituzaingó,Ituzaingó Sur
Ituzaingó,Villa Gobernador Udadondo
José C. Paz,Del Viso
José C. Paz,José C. Paz
José C. Paz,Tortuguitas
La Costa,Aguas Verdes
La Costa,Lucila del Mar
La Costa,Mar de Ajó
La Costa,Mar de Ajó Norte
La Costa,San Bernardo
La Costa,Mar del Tuyú
La Costa,Santa Teresita
La Matanza,Aldo Bonzi
La Matanza,Ciudad Evita
La Matanza,González Catán
La Matanza,Gregorio de Laferrere
La Matanza,Isidro Casanova
La Matanza,La Tablada
La Matanza,Lomas del Mirador
La Matanza,Rafael Castillo
La Matanza,Ramos Mejía
La Matanza,San Justo
La Matanza,Tapiales
La Matanza,20 de Junio
La Matanza,Villa Eduardo Madero
La Matanza,Villa Luzuriaga
La Matanza,Virrey del Pino
Lanús,Gerli
Lanús,Lanús Este
Lanús,Lanús Oeste
Lanús,Monte Chingolo
Lanús,Remedios de Escalada de San Martín
Lanús,Valentín Alsina
La Plata,Abasto
La Plata,Ángel Etcheverry
La Plata,Arana
La Plata,Arturo Seguí
La Plata,Barrio El Carmen Oeste
La Plata,Barrio Las Malvinas
La Plata,Barrio Las Quintas
La Plata,City Bell
La Plata,El Retiro
La Plata,Joaquín Gorina
La Plata,José Hernández
La Plata,José Melchor Romero
La Plata,La Cumbre
La Plata,La Plata
La Plata,Lisandro Olmos
La Plata,Los Hornos
La Plata,Manuel B. Gonnet
La Plata,Ringuelet
La Plata,Rufino de Elizalde
La Plata,Tolosa
La Plata,Transradio
La Plata,Villa Elisa
La Plata,Villa Elvira
La Plata,Villa Garibaldi
La Plata,Villa Montoro
La Plata,Villa Parque Sicardi
Lomas de Zamora,Banfield
Lomas de Zamora,Llavallol
Lomas de Zamora,Lomas de Zamora
Lomas de Zamora,Temperley
Lomas de Zamora,Turdera
Lomas de Zamora,Villa Centenario
Lomas de Zamora,Villa Fiorito
Luján,Barrio Las Casuarinas
Luján,Cortines
Luján,Lezica y Torrezuri
Luján,Luján
Luján,Villa Flandria Norte
Luján,Villa Flandria Sur
Luján,Country Club Las Praderas
Luján,Open Door
Malvinas Argentinas,Área de Promoción El Triángulo
Malvinas Argentinas,Grand Bourg
Malvinas Argentinas,Ingeniero Adolfo Sourdeaux
Malvinas Argentinas,Ingeniero Pablo Nogués
Malvinas Argentinas,Los Polvorines
Malvinas Argentinas,Malvinas Argentinas
Malvinas Argentinas,Tortuguitas
Malvinas Argentinas,Villa de Mayo
Mar Chiquita,La Baliza
Mar Chiquita,La Caleta
Mar Chiquita,Mar de Cobo
Mar Chiquita,Atlántida
Mar Chiquita,Camet Norte
Mar Chiquita,Frente Mar
Mar Chiquita,Playa Dorada
Mar Chiquita,Santa Clara del Mar
Mar Chiquita,Santa Elena
Marcos Paz,Barrio Lisandro de la Torre y Santa Marta
Marcos Paz,Marcos Paz
Merlo,Libertad
Merlo,Mariano Acosta
Merlo,Merlo
Merlo,Pontevedra
Merlo,San Antonio de Padua
Moreno,Cuartel V
Moreno,Francisco Álvarez
Moreno,La Reja
Moreno,Moreno
Moreno,Paso del Rey
Moreno,Trujui
Morón,Castelar
Morón,El Palomar
Morón,Haedo
Morón,Villa Sarmiento
Necochea,Necochea
Necochea,Quequén
Necochea,Costa Bonita
Olavarría,Colonia Hinojo
Olavarría,Hinojo
Olavarría,Sierras Bayas
Olavarría,Villa Arrieta
Pilar,Del Viso
Pilar,Fátima
Pilar,La Lonja
Pilar,Los Cachorros
Pilar,Manzanares
Pilar,Manzone
Pilar,Maquinista F. Savio Oeste
Pilar,Pilar
Pilar,Presidente Derqui
Pilar,Roberto de Vicenzo
Pilar,Santa Teresa
Pilar,Tortuguitas
Pilar,Villa Astolfi
Pilar,Villa Rosa
Pilar,Zelaya
Pinamar,Cariló
Pinamar,Ostende
Pinamar,Pinamar
Pinamar,Valeria del Mar
Presidente Perón,Barrio América Unida
Presidente Perón,Guernica
Quilmes,Bernal
Quilmes,Bernal Oeste
Quilmes,Don Bosco
Quilmes,Ezpeleta
Quilmes,Ezpeleta Oeste
Quilmes,Quilmes
Quilmes,Quilmes Oeste
Quilmes,San Francisco Solano
Quilmes,Villa La Florida
Rojas,Barrio Las Margaritas
Rojas,Rojas
Rojas,Villa Parque Cecir
San Fernando,San Fernando
San Fernando,Victoria
San Fernando,Virreyes
San Isidro,Acasusso
San Isidro,Béccar
San Isidro,Boulogne Sur Mer
San Isidro,Martínez
San Isidro,San Isidro
San Isidro,Villa Adelina
San Miguel,Bella Vista
San Miguel,Campo de Mayo
San Miguel,Muñiz
San Miguel,San Miguel
San Nicolás,La Emilia
San Nicolás,Villa Campi
San Nicolás,Villa Canto
San Nicolás,Villa Riccio
San Nicolás,Campos Salles
San Nicolás,San Nicolás de los Arroyos
San Vicente,Alejandro Korn
San Vicente,San Vicente
San Vicente,Domselaar
Tigre,Benavídez
Tigre,Dique Luján
Tigre,Don Torcuato Este
Tigre,Don Torcuato Oeste
Tigre,El Talar
Tigre,General Pacheco
Tigre,Troncos del Talar
Tigre,Ricardo Rojas
Tigre,Rincón de Milberg
Tigre,Tigre
Tres Arroyos,Claromecó
Tres Arroyos,Dunamar
Tres de Febrero,Caseros
Tres de Febrero,Churruca
Tres de Febrero,Ciudad Jardín Lomas del Palomar
Tres de Febrero,Ciudadela
Tres de Febrero,El Libertador
Tres de Febrero,José Ingenieros
Tres de Febrero,Loma Hermosa
Tres de Febrero,Martín Coronado
Tres de Febrero,11 de Septiembre
Tres de Febrero,Pablo Podestá
Tres de Febrero,Remedios de Escalada
Tres de Febrero,Sáenz Peña
Tres de Febrero,Santos Lugares
Tres de Febrero,Villa Bosch
Tres de Febrero,Villa Raffo
Vicente López,Carapachay
Vicente López,Florida
Vicente López,Florida Oeste
Vicente López,La Lucila
Vicente López,Munro
Vicente López,Olivos
Vicente López,Vicente López
Vicente López,Villa Adelina
Vicente López,Villa Martelli
Villa Gesell,Mar Azul
Villa Gesell,Mar de las Pampas
Zárate,Barrio Saavedra
Zárate,Zárate
Tres Arroyos,Reta
Adolfo Alsina,Carhué
Adolfo Alsina,Colonia San Miguel Arcángel
Adolfo Alsina,Delfín Huergo
Adolfo Alsina,Espartillar
Adolfo Alsina,Esteban Agustín Gascón
Adolfo Alsina,La Pala
Adolfo Alsina,Maza
Adolfo Alsina,Rivera
Adolfo Alsina,Villa Margarita
Adolfo Gonzales Chaves,Adolfo Gonzales Chaves
Adolfo Gonzales Chaves,De La Garma
Adolfo Gonzales Chaves,Juan E. Barra
Adolfo Gonzales Chaves,Vásquez
Alberti,Alberti
Alberti,Coronel Seguí
Alberti,Mechita
Alberti,Pla
Alberti,Villa Grisolía
Alberti,Villa María
Alberti,Villa Ortiz
Almirante Brown,Almirante Brown
Ayacucho,Ayacucho
Ayacucho,La Constancia
Ayacucho,Solanet
Ayacucho,Udaquiola
Azul,Ariel
Azul,Azul
Azul,Cacharí
Azul,Chillar
Azul,16 de Julio
Bahía Blanca,Cabildo
Bahía Blanca,General Daniel Cerri
Balcarce,Balcarce
Balcarce,Los Pinos
Balcarce,Napaleofú
Balcarce,Ramos Otero
Balcarce,San Agustín
Balcarce,Villa Laguna La Brava
Baradero,Baradero
Baradero,Irineo Portela
Baradero,Santa Coloma
Baradero,Villa Alsina
Arrecifes,Arrecifes
Arrecifes,Todd
Arrecifes,Viña
Benito Juárez,Barker
Benito Juárez,Benito Juárez
Benito Juárez,López
Benito Juárez,Tedín Uriburu
Benito Juárez,Villa Cacique
Bolívar,Hale
Bolívar,Juan F. Ibarra
Bolívar,Paula
Bolívar,Pirovano
Bolívar,San Carlos de Bolívar
Bolívar,Urdampilleta
Bolívar,Villa Lynch Pueyrredón
Bragado,Bragado
Bragado,Comodoro Py
Bragado,General O'Brien
Bragado,Irala
Bragado,La Limpia
Bragado,Juan F. Salaberry
Bragado,Mechita
Bragado,Olascoaga
Bragado,Warnes
Brandsen,Altamirano
Brandsen,Barrio Las Golondrinas
Brandsen,Barrio Los Bosquecitos
Brandsen,Barrio Parque Las Acacias
Brandsen,Coronel Brandsen
Brandsen,Gómez
Brandsen,Jeppener
Brandsen,Oliden
Brandsen,Samborombón
Campana,Los Cardales
Campana,Barrio Los Pioneros (Barrio Tavella)
Cañuelas,Alejandro Petión
Cañuelas,Barrio El Taladro
Cañuelas,Cañuelas
Cañuelas,Gobernador Udaondo
Cañuelas,Santa Rosa
Cañuelas,Uribelarrea
Cañuelas,Vicente Casares
Capitán Sarmiento,Capitán Sarmiento
Capitán Sarmiento,La Luisa
Carlos Casares,Bellocq
Carlos Casares,Cadret
Carlos Casares,Carlos Casares
Carlos Casares,Colonia Mauricio
Carlos Casares,Hortensia
Carlos Casares,La Sofía
Carlos Casares,Mauricio Hirsch
Carlos Casares,Moctezuma
Carlos Casares,Ordoqui
Carlos Casares,Smith
Colón,Colón
Carlos Tejedor,Carlos Tejedor
Carlos Tejedor,Colonia Seré
Carlos Tejedor,Curarú
Carlos Tejedor,Timote
Carlos Tejedor,Tres Algarrobos
Carmen de Areco,Carmen de Areco
Carmen de Areco,Pueblo Gouin
Carmen de Areco,Tres Sargentos
Castelli,Castelli
Castelli,Centro Guerrero
Castelli,Cerro de la Gloria
Colón,Villa Manuel Pomar
Colón,Pearson
Colón,Sarasa
Coronel de Marina Leonardo Rosales,Villa General Arias
Coronel de Marina Leonardo Rosales,Bajo Hondo
Coronel de Marina Leonardo Rosales,Balneario Pehuen Co
Coronel Dorrego,Aparicio
Coronel Dorrego,Marisol
Coronel Dorrego,Coronel Dorrego
Coronel Dorrego,El Perdido
Coronel Dorrego,Faro
Coronel Dorrego,Irene
Coronel Dorrego,Oriente
Coronel Dorrego,San Román
Coronel Pringles,Coronel Pringles
Coronel Pringles,El Divisorio
Coronel Pringles,El Pensamiento
Coronel Pringles,Indio Rico
Coronel Pringles,Lartigau
Coronel Suárez,Cascada
Coronel Suárez,Coronel Suárez
Coronel Suárez,Curamalal
Coronel Suárez,D'Orbigny
Coronel Suárez,Huanguelén
Coronel Suárez,Pasman
Coronel Suárez,San José
Coronel Suárez,Santa María
Coronel Suárez,Santa Trinidad
Coronel Suárez,Villa La Arcadia
Chacabuco,Castilla
Chacabuco,Chacabuco
Chacabuco,Los Angeles
Chacabuco,O'Higgins
Chacabuco,Rawson
Lezama,Manuel J. Cobo
Chascomús,Villa Parque Girado
Chivilcoy,Chivilcoy
Chivilcoy,Emilio Ayarza
Chivilcoy,Gorostiaga
Chivilcoy,La Rica
Chivilcoy,Moquehuá
Chivilcoy,Ramón Biaus
Chivilcoy,San Sebastián
Daireaux,Andant
Daireaux,Arboledas
Daireaux,Daireaux
Daireaux,La Larga
Daireaux,Salazar
Dolores,Dolores
Dolores,Sevigne
Escobar,Escobar
Esteban Echeverría,Esteban Echeverría
Exaltación de la Cruz,Arroyo de la Cruz
Exaltación de la Cruz,Parada Orlando
Exaltación de la Cruz,Parada Robles - Pavón
Ezeiza,Ezeiza
Florencio Varela,Florencio Varela
Florentino Ameghino,Blaquier
Florentino Ameghino,Florentino Ameghino
Florentino Ameghino,Porvenir
General Alvarado,Comandante Nicanor Otamendi
General Alvarado,Mar del Sur
General Alvarado,Mechongué
General Alvarado,Miramar
General Alvear,General Alvear
Guaminí,Casbas
General Arenales,Arribeños
General Arenales,Ascensión
General Arenales,Estación Arenales
General Arenales,Ferré
General Arenales,General Arenales
General Arenales,La Angelita
General Arenales,La Trinidad
General Belgrano,General Belgrano
General Belgrano,Gorchs
General Guido,General Guido
General Guido,Labardén
General La Madrid,General La Madrid
General La Madrid,La Colina
General La Madrid,Las Martinetas
General La Madrid,Líbano
General La Madrid,Pontaut
General Las Heras,General Hornos
General Las Heras,General Las Heras
General Las Heras,La Choza
General Las Heras,Plomer
General Lavalle,General Lavalle
General Paz,Barrio Río Salado
General Paz,Loma Verde
General Paz,Ranchos
General Paz,Villanueva
General Pinto,Colonia San Ricardo
General Pinto,General Pinto
General Pinto,Germania
General Pinto,Villa Francia
General Pinto,Villa Roth
General Pueyrredón,Barrio Santa Paula
General Pueyrredón,Batán
General Pueyrredón,Chapadmalal
General Pueyrredón,El Marquesado
General Pueyrredón,Estación Chapadmalal
General San Martín,General San Martín
General Viamonte,Baigorrita
General Viamonte,La Delfina
General Viamonte,Los Toldos
General Viamonte,San Emilio
General Viamonte,Zavalía
General Villegas,Banderaló
General Villegas,Cañada Seca
General Villegas,Coronel Charlone
General Villegas,Emilio V. Bunge
General Villegas,General Villegas
General Villegas,Massey
General Villegas,Pichincha
General Villegas,Piedritas
General Villegas,Santa Eleodora
General Villegas,Santa Regina
General Villegas,Villa Saboya
General Villegas,Villa Sauze
Guaminí,Arroyo Venado
Guaminí,Garré
Guaminí,Guaminí
Guaminí,Laguna Alsina
Hipólito Yrigoyen,Henderson
Hipólito Yrigoyen,Herrera Vegas
Ituzaingó,Ituzaingó
Junín,Agustín Roca
Junín,Agustina
Junín,Balneario Laguna de Gómez
Junín,Fortín Tiburcio
Junín,Junín
Junín,Laplacette
Junín,Saforcada
La Costa,Las Toninas
La Costa,Mar de Ajó - San Bernardo
La Costa,San Clemente del Tuyú
La Costa,Santa Teresita - Mar del Tuyú
La Matanza,La Matanza
Lanús,Lanús
Laprida,Laprida
Laprida,Pueblo Nuevo
Laprida,Pueblo San Jorge
Las Flores,Coronel Boerr
Las Flores,El Trigo
Las Flores,Las Flores
Las Flores,Pardo
Leandro N. Alem,Alberdi Viejo
Leandro N. Alem,El Dorado
Leandro N. Alem,Fortín Acha
Leandro N. Alem,Juan Bautista Alberdi
Leandro N. Alem,Leandro N. Alem
Leandro N. Alem,Vedia
Lincoln,Arenaza
Lincoln,Bayauca
Lincoln,Bermúdez
Lincoln,Carlos Salas
Lincoln,Coronel Martínez de Hoz
Lincoln,El Triunfo
Lincoln,Las Toscas
Lincoln,Lincoln
Lincoln,Pasteur
Lincoln,Roberts
Lincoln,Triunvirato
Lobería,Arenas Verdes
Lobería,Licenciado Matienzo
Lobería,Lobería
Lobería,Pieres
Lobería,San Manuel
Lobería,Tamangueyú
Lobos,Antonio Carboni
Lobos,Elvira
Lobos,Laguna de Lobos
Lobos,Lobos
Lobos,Salvador María
Luján,Carlos Keen
Luján,Olivera
Luján,Torres
Magdalena,Atalaya
Magdalena,General Mansilla
Magdalena,Los Naranjos
Magdalena,Magdalena
Magdalena,Roberto J. Payró
Magdalena,Vieytes
Maipú,Las Armas
Maipú,Maipú
Maipú,Santo Domingo
Mar Chiquita,Coronel Vidal
Mar Chiquita,General Pirán
Mar Chiquita,La Armonía
Mar Chiquita,Mar Chiquita
Mar Chiquita,Vivoratá
Mercedes,Gowland
Mercedes,Mercedes
Mercedes,Jorge Born
Monte,Abbott
Monte,San Miguel del Monte
Monte,Zenón Videla Dorna
Monte Hermoso,Balneario Sauce Grande
Monte Hermoso,Monte Hermoso
Navarro,José Juan Almeyra
Navarro,Las Marianas
Navarro,Navarro
Navarro,Villa Moll
Necochea,Claraz
Necochea,Juan N. Fernández
Necochea,Necochea - Quequén
Necochea,Nicanor Olivera
Necochea,Ramón Santamarina
9 de Julio,Alfredo Demarchi
9 de Julio,Carlos María Naón
9 de Julio,12 de Octubre
9 de Julio,Dudignac
9 de Julio,La Aurora
9 de Julio,Manuel B. Gonnet
Olavarría,Recalde
9 de Julio,Marcelino Ugarte
9 de Julio,Morea
9 de Julio,Norumbega
9 de Julio,9 de Julio
9 de Julio,Patricios
9 de Julio,Villa Fournier
Olavarría,Colonia San Miguel
Olavarría,Espigas
Olavarría,Olavarría
Olavarría,Santa Luisa
Olavarría,Sierra Chica
Olavarría,Villa Alfredo Fortabat
Olavarría,Villa La Serranía
Patagones,Bahía San Blas
Patagones,Cardenal Cagliero
Patagones,Carmen de Patagones
Patagones,José B. Casas
Patagones,Juan A. Pradere
Patagones,Stroeder
Patagones,Villalonga
Pehuajó,Capitán Castro
Pehuajó,San Esteban
Pehuajó,Francisco Madero
Pehuajó,Juan José Paso
Pehuajó,Magdala
Pehuajó,Mones Cazón
Pehuajó,Nueva Plata
Pehuajó,Pehuajó
Pehuajó,San Bernardo
Pellegrini,Bocayuva
Pellegrini,De Bary
Pellegrini,Pellegrini
Pergamino,Acevedo
Pergamino,Fontezuela
Pergamino,Guerrico
Pergamino,Juan A. de la Peña
Pergamino,Juan Anchorena
Pergamino,La Violeta
Pergamino,Manuel Ocampo
Pergamino,Mariano Benítez
Pergamino,Mariano H. Alfonzo
Pergamino,Pergamino
Pergamino,Pinzón
Pergamino,Rancagua
Pergamino,Villa Angélica
Pergamino,Villa San José
Pila,Casalins
Pila,Pila
Presidente Perón,Presidente Perón
Puán,Azopardo
Puán,Bordenave
Puán,Darregueira
Puán,17 de Agosto
Puán,Estela
Puán,Felipe Solá
Puán,López Lecube
Puán,Puán
Puán,San Germán
Puán,Villa Castelar
Puán,Villa Iris
Punta Indio,Alvarez Jonte
Punta Indio,Pipinas
Punta Indio,Punta Indio
Punta Indio,Verónica
Ramallo,El Paraíso
Ramallo,Las Bahamas
Ramallo,Pérez Millán
Ramallo,Ramallo
Ramallo,Villa General Savio
Ramallo,Villa Ramallo
Rauch,Rauch
Rivadavia,América
Rivadavia,Fortín Olavarría
Rivadavia,González Moreno
Rivadavia,Mira Pampa
Rivadavia,Roosevelt
Rivadavia,San Mauricio
Rivadavia,Sansinena
Rivadavia,Sundblad
Rojas,La Beba
Rojas,Las Carabelas
Rojas,Los Indios
Rojas,Rafael Obligado
Rojas,Roberto Cano
Rojas,Sol de Mayo
Rojas,Villa Manuel Pomar
Roque Pérez,Carlos Beguerie
Roque Pérez,Roque Pérez
San Pedro,Obligado
Saavedra,Arroyo Corto
Saavedra,Colonia San Martín
Saavedra,Dufaur
Saavedra,Espartillar
Saavedra,Goyena
Saavedra,Pigüé
Saavedra,Saavedra
Saladillo,Álvarez de Toledo
Saladillo,Cazón
Saladillo,Del Carril
Saladillo,Polvaredas
Salto,Arroyo Dulce
Salto,Berdier
Salto,Gahan
Salto,Inés Indart
Salto,La Invencible
Salto,Salto
Salliqueló,Quenumá
Salliqueló,Salliqueló
San Andrés de Giles,Azcuénaga
San Andrés de Giles,Cucullú
San Andrés de Giles,Franklin
San Andrés de Giles,San Andrés de Giles
San Andrés de Giles,Solís
San Andrés de Giles,Villa Espil
San Andrés de Giles,Villa Ruiz
San Antonio de Areco,Duggan
San Antonio de Areco,San Antonio de Areco
San Antonio de Areco,Villa Lía
San Cayetano,Balneario San Cayetano
San Cayetano,Ochandío
San Cayetano,San Cayetano
San Nicolás,Conesa
San Nicolás,Erezcano
San Nicolás,General Rojo
San Nicolás,Villa Esperanza
San Pedro,Gobernador Castro
San Pedro,Pueblo Doyle
San Pedro,Río Tala
San Pedro,San Pedro
San Pedro,Santa Lucía
Suipacha,General Rivas
Suipacha,Suipacha
Tandil,De la Canal
Tandil,Gardey
Tandil,María Ignacia
Tandil,Tandil
Tapalqué,Crotto
Tapalqué,Tapalqué
Tapalqué,Velloso
Tordillo,General Conesa
Tornquist,Chasicó
Tornquist,Tornquist
Tornquist,Tres Picos
Tornquist,La Gruta
Tornquist,Villa Ventana
Trenque Lauquen,Berutti
Trenque Lauquen,Girodias
Trenque Lauquen,La Carreta
Trenque Lauquen,30 de Agosto
Trenque Lauquen,Trenque Lauquen
Trenque Lauquen,Trongé
Tres Arroyos,Balneario Orense
Tres Arroyos,Copetonas
Tres Arroyos,Lin Calel
Tres Arroyos,Micaela Cascallares
Tres Arroyos,Orense
Tres Arroyos,San Francisco de Bellocq
Tres Arroyos,San Mayol
Tres Arroyos,Tres Arroyos
Tres Arroyos,Villa Rodríguez
Tres de Febrero,Tres de Febrero
Tres Lomas,Ingeniero Thompson
Tres Lomas,Tres Lomas
25 de Mayo,Agustín Mosconi
25 de Mayo,Del Valle
25 de Mayo,Ernestina
25 de Mayo,Gobernador Ugarte
25 de Mayo,Lucas Monteverde
25 de Mayo,Norberto de la Riestra
25 de Mayo,Pedernales
25 de Mayo,San Enrique
25 de Mayo,Valdés
25 de Mayo,25 de Mayo
Villa Gesell,Villa Gesell
Villarino,Argerich
Villarino,Hilario Ascasubi
Villarino,Juan Cousté
Villarino,Mayor Buratovich
Villarino,Médanos
Villarino,Pedro Luro
Villarino,Teniente Origone
Zárate,Escalada
Zárate,Lima
